2024, 6838514729.950
2025, 13677029459.900
2026, 20515544189.850
2027, 27354058919.800
2028, 34192573649.750
2029, 41031088379.700
2030, 47869603109.650
2031, 54708117839.600
2032, 61546632569.550
2033, 68385147299.500
2034, 75223662029.450
2035, 82062176759.400
2036, 88900691489.350
2037, 95739206219.300
2038, 102577720949.250
2039, 109416235679.200
2040, 116254750409.150
2041, 123093265139.100
2042, 129931779869.050
2043, 136770294599.000
2044, 143608809328.950
2045, 150447324058.900
2046, 157285838788.850
2047, 164124353518.800
2048, 170962868248.750
2049, 177801382978.700
2050, 184639897708.650
2051, 191478412438.600
2052, 198316927168.550
2053, 205155441898.500
2054, 211993956628.450
2055, 218832471358.400
2056, 225670986088.350
2057, 232509500818.300
2058, 239348015548.250
2059, 246186530278.200
2060, 253025045008.150
2061, 259863559738.100
2062, 266702074468.050
2063, 273540589198.000
2064, 280379103927.950
2065, 287217618657.900
2066, 294056133387.850
2067, 300894648117.800
2068, 307733162847.750
2069, 314571677577.700
2070, 321410192307.650
2071, 328248707037.600
2072, 335087221767.550
2073, 341925736497.500
2074, 348764251227.450
2075, 355602765957.400
2076, 362441280687.350
2077, 369279795417.300
2078, 376118310147.250
2079, 382956824877.200
2080, 389795339607.150
2081, 396633854337.100
2082, 403472369067.050
2083, 410310883797.000
2084, 417149398526.950
2085, 423987913256.900
2086, 430826427986.850
2087, 437664942716.800
2088, 444503457446.750
2089, 451341972176.701
2090, 458180486906.651
2091, 465019001636.601
2092, 471857516366.551
2093, 478696031096.501
2094, 485534545826.451
2095, 492373060556.401
2096, 499211575286.351
2097, 506050090016.301
2098, 512888604746.251
2099, 519727119476.201
2100, 526565634206.151
2101, 533404148936.101
2102, 540242663666.051
2103, 547081178396.001
2104, 553919693125.951
2105, 560758207855.901
2106, 567596722585.851
2107, 574435237315.801
2108, 581273752045.750
2109, 588112266775.700
2110, 594950781505.650
2111, 601789296235.600
2112, 608627810965.550
2113, 615466325695.500
2114, 622304840425.450
2115, 629143355155.400
2116, 635981869885.350
2117, 642820384615.300
2118, 649658899345.250
2119, 656497414075.200
2120, 663335928805.150
2121, 670174443535.100
2122, 677012958265.050
2123, 683851472995.000
2124, 690689987724.950
2125, 697528502454.900
2126, 704367017184.850
2127, 711205531914.800
2128, 718044046644.750
2129, 724882561374.699
2130, 731721076104.649
2131, 738559590834.599
2132, 745398105564.549
2133, 752236620294.499
2134, 759075135024.449
2135, 765913649754.399
2136, 772752164484.349
2137, 779590679214.299
2138, 786429193944.249
2139, 793267708674.199
2140, 800106223404.149
2141, 806944738134.099
2142, 813783252864.049
2143, 820621767593.999
2144, 827460282323.949
2145, 834298797053.899
2146, 841137311783.849
2147, 847975826513.799
2148, 854814341243.749
2149, 861652855973.698
2150, 868491370703.648
2151, 875329885433.598
2152, 882168400163.548
2153, 889006914893.498
2154, 895845429623.448
2155, 902683944353.398
2156, 909522459083.348
2157, 916360973813.298
2158, 923199488543.248
2159, 930038003273.198
2160, 936876518003.148
2161, 943715032733.098
2162, 950553547463.048
2163, 957392062192.998
2164, 964230576922.948
2165, 971069091652.898
2166, 977907606382.848
2167, 984746121112.798
2168, 991584635842.748
2169, 998423150572.698
2170, 1005261665302.647
2171, 1012100180032.597
2172, 1018938694762.547
2173, 1025777209492.497
2174, 1032615724222.447
2175, 1039454238952.397
2176, 1046292753682.347
2177, 1053131268412.297
2178, 1059969783142.247
2179, 1066808297872.197
2180, 1073646812602.147
2181, 1080485327332.097
2182, 1087323842062.047
2183, 1094162356791.997
2184, 1101000871521.947
2185, 1107839386251.897
2186, 1114677900981.847
2187, 1121516415711.797
2188, 1128354930441.747
2189, 1135193445171.697
2190, 1142031959901.646
2191, 1148870474631.596
2192, 1155708989361.546
2193, 1162547504091.496
2194, 1169386018821.446
2195, 1176224533551.396
2196, 1183063048281.346
2197, 1189901563011.296
2198, 1196740077741.246
2199, 1203578592471.196
2200, 1210417107201.146
2201, 1217255621931.096
2202, 1224094136661.046
2203, 1230932651390.996
2204, 1237771166120.946
2205, 1244609680850.896
2206, 1251448195580.846
2207, 1258286710310.796
2208, 1265125225040.746
2209, 1271963739770.696
2210, 1278802254500.646
2211, 1285640769230.595
2212, 1292479283960.545
2213, 1299317798690.495
2214, 1306156313420.445
2215, 1312994828150.395
2216, 1319833342880.345
2217, 1326671857610.295
2218, 1333510372340.245
2219, 1340348887070.195
2220, 1347187401800.145
2221, 1354025916530.095
2222, 1360864431260.045
2223, 1367702945989.995
2224, 1374541460719.945
2225, 1381379975449.895
2226, 1388218490179.845
2227, 1395057004909.795
2228, 1401895519639.745
2229, 1408734034369.695
2230, 1415572549099.645
2231, 1422411063829.594
2232, 1429249578559.544
2233, 1436088093289.494
2234, 1442926608019.444
2235, 1449765122749.394
2236, 1456603637479.344
2237, 1463442152209.294
2238, 1470280666939.244
2239, 1477119181669.194
2240, 1483957696399.144
2241, 1490796211129.094
2242, 1497634725859.044
2243, 1504473240588.994
2244, 1511311755318.944
2245, 1518150270048.894
2246, 1524988784778.844
2247, 1531827299508.794
2248, 1538665814238.744
2249, 1545504328968.694
2250, 1552342843698.644
2251, 1559181358428.594
2252, 1566019873158.543
2253, 1572858387888.493
2254, 1579696902618.443
2255, 1586535417348.393
2256, 1593373932078.343
2257, 1600212446808.293
2258, 1607050961538.243
2259, 1613889476268.193
2260, 1620727990998.143
2261, 1627566505728.093
2262, 1634405020458.043
2263, 1641243535187.993
2264, 1648082049917.943
2265, 1654920564647.893
2266, 1661759079377.843
2267, 1668597594107.793
2268, 1675436108837.743
2269, 1682274623567.693
2270, 1689113138297.643
2271, 1695951653027.593
2272, 1702790167757.542
2273, 1709628682487.492
2274, 1716467197217.442
2275, 1723305711947.392
2276, 1730144226677.342
2277, 1736982741407.292
2278, 1743821256137.242
2279, 1750659770867.192
2280, 1757498285597.142
2281, 1764336800327.092
2282, 1771175315057.042
2283, 1778013829786.992
2284, 1784852344516.942
2285, 1791690859246.892
2286, 1798529373976.842
2287, 1805367888706.792
2288, 1812206403436.742
2289, 1819044918166.692
2290, 1825883432896.642
2291, 1832721947626.592
2292, 1839560462356.542
2293, 1846398977086.491
2294, 1853237491816.441
2295, 1860076006546.391
2296, 1866914521276.341
2297, 1873753036006.291
2298, 1880591550736.241
2299, 1887430065466.191
2300, 1894268580196.141
2301, 1901107094926.091
2302, 1907945609656.041
2303, 1914784124385.991
2304, 1921622639115.941
2305, 1928461153845.891
2306, 1935299668575.841
2307, 1942138183305.791
2308, 1948976698035.741
2309, 1955815212765.691
2310, 1962653727495.641
2311, 1969492242225.591
2312, 1976330756955.541
2313, 1983169271685.490
2314, 1990007786415.440
2315, 1996846301145.390
2316, 2003684815875.340
2317, 2010523330605.290
2318, 2017361845335.240
2319, 2024200360065.190
2320, 2031038874795.140
2321, 2037877389525.090
2322, 2044715904255.040
2323, 2051554418984.990
2324, 2058392933714.940
2325, 2065231448444.890
2326, 2072069963174.840
2327, 2078908477904.790
2328, 2085746992634.740
2329, 2092585507364.690
2330, 2099424022094.640
2331, 2106262536824.590
2332, 2113101051554.540
2333, 2119939566284.490
2334, 2126778081014.439
2335, 2133616595744.389
2336, 2140455110474.339
2337, 2147293625204.289
2338, 2154132139934.239
2339, 2160970654664.189
2340, 2167809169394.139
2341, 2174647684124.089
2342, 2181486198854.039
2343, 2188324713583.989
2344, 2195163228313.939
2345, 2202001743043.889
2346, 2208840257773.839
2347, 2215678772503.790
2348, 2222517287233.740
2349, 2229355801963.690
2350, 2236194316693.640
2351, 2243032831423.590
2352, 2249871346153.541
2353, 2256709860883.491
2354, 2263548375613.441
2355, 2270386890343.391
2356, 2277225405073.341
2357, 2284063919803.292
2358, 2290902434533.242
2359, 2297740949263.192
2360, 2304579463993.142
2361, 2311417978723.092
2362, 2318256493453.042
2363, 2325095008182.993
2364, 2331933522912.943
2365, 2338772037642.893
2366, 2345610552372.843
2367, 2352449067102.793
2368, 2359287581832.744
2369, 2366126096562.694
2370, 2372964611292.644
2371, 2379803126022.594
2372, 2386641640752.544
2373, 2393480155482.495
2374, 2400318670212.445
2375, 2407157184942.395
2376, 2413995699672.345
2377, 2420834214402.295
2378, 2427672729132.246
2379, 2434511243862.196
2380, 2441349758592.146
2381, 2448188273322.096
2382, 2455026788052.046
2383, 2461865302781.997
2384, 2468703817511.947
2385, 2475542332241.897
2386, 2482380846971.847
2387, 2489219361701.797
2388, 2496057876431.748
2389, 2502896391161.698
2390, 2509734905891.648
2391, 2516573420621.598
2392, 2523411935351.548
2393, 2530250450081.499
2394, 2537088964811.449
2395, 2543927479541.399
2396, 2550765994271.349
2397, 2557604509001.299
2398, 2564443023731.250
2399, 2571281538461.200
2400, 2578120053191.150
2401, 2584958567921.100
2402, 2591797082651.050
2403, 2598635597381.000
2404, 2605474112110.951
2405, 2612312626840.901
2406, 2619151141570.851
2407, 2625989656300.801
2408, 2632828171030.751
2409, 2639666685760.702
2410, 2646505200490.652
2411, 2653343715220.602
2412, 2660182229950.552
2413, 2667020744680.502
2414, 2673859259410.453
2415, 2680697774140.403
2416, 2687536288870.353
2417, 2694374803600.303
2418, 2701213318330.253
2419, 2708051833060.204
2420, 2714890347790.154
2421, 2721728862520.104
2422, 2728567377250.054
2423, 2735405891980.004
2424, 2742244406709.955
2425, 2749082921439.905
2426, 2755921436169.855
2427, 2762759950899.805
2428, 2769598465629.755
2429, 2776436980359.706
2430, 2783275495089.656
2431, 2790114009819.606
2432, 2796952524549.556
2433, 2803791039279.506
2434, 2810629554009.457
2435, 2817468068739.407
2436, 2824306583469.357
2437, 2831145098199.307
2438, 2837983612929.257
2439, 2844822127659.208
2440, 2851660642389.158
2441, 2858499157119.108
2442, 2865337671849.058
2443, 2872176186579.008
2444, 2879014701308.958
2445, 2885853216038.909
2446, 2892691730768.859
2447, 2899530245498.809
2448, 2906368760228.759
2449, 2913207274958.709
2450, 2920045789688.660
2451, 2926884304418.610
2452, 2933722819148.560
2453, 2940561333878.510
2454, 2947399848608.460
2455, 2954238363338.411
2456, 2961076878068.361
2457, 2967915392798.311
2458, 2974753907528.261
2459, 2981592422258.211
2460, 2988430936988.162
2461, 2995269451718.112
2462, 3002107966448.062
2463, 3008946481178.012
2464, 3015784995907.962
2465, 3022623510637.913
2466, 3029462025367.863
2467, 3036300540097.813
2468, 3043139054827.763
2469, 3049977569557.713
2470, 3056816084287.664
2471, 3063654599017.614
2472, 3070493113747.564
2473, 3077331628477.514
2474, 3084170143207.464
2475, 3091008657937.415
2476, 3097847172667.365
2477, 3104685687397.315
2478, 3111524202127.265
2479, 3118362716857.215
2480, 3125201231587.166
2481, 3132039746317.116
2482, 3138878261047.066
2483, 3145716775777.016
2484, 3152555290506.966
2485, 3159393805236.917
2486, 3166232319966.867
2487, 3173070834696.817
2488, 3179909349426.767
2489, 3186747864156.717
2490, 3193586378886.667
2491, 3200424893616.618
2492, 3207263408346.568
2493, 3214101923076.518
2494, 3220940437806.468
2495, 3227778952536.418
2496, 3234617467266.369
2497, 3241455981996.319
2498, 3248294496726.269
2499, 3255133011456.219
2500, 3261971526186.169
2501, 3268810040916.120
2502, 3275648555646.070
2503, 3282487070376.020
2504, 3289325585105.970
2505, 3296164099835.920
2506, 3303002614565.871
2507, 3309841129295.821
2508, 3316679644025.771
2509, 3323518158755.721
2510, 3330356673485.671
2511, 3337195188215.622
2512, 3344033702945.572
2513, 3350872217675.522
2514, 3357710732405.472
2515, 3364549247135.422
2516, 3371387761865.373
2517, 3378226276595.323
2518, 3385064791325.273
2519, 3391903306055.223
2520, 3398741820785.173
2521, 3405580335515.124
2522, 3412418850245.074
2523, 3419257364975.024
2524, 3426095879704.974
2525, 3432934394434.924
2526, 3439772909164.875
2527, 3446611423894.825
2528, 3453449938624.775
2529, 3460288453354.725
2530, 3467126968084.675
2531, 3473965482814.625
2532, 3480803997544.576
2533, 3487642512274.526
2534, 3494481027004.476
2535, 3501319541734.426
2536, 3508158056464.376
2537, 3514996571194.327
2538, 3521835085924.277
2539, 3528673600654.227
2540, 3535512115384.177
2541, 3542350630114.127
2542, 3549189144844.078
2543, 3556027659574.028
2544, 3562866174303.978
2545, 3569704689033.928
2546, 3576543203763.878
2547, 3583381718493.829
2548, 3590220233223.779
2549, 3597058747953.729
2550, 3603897262683.679
2551, 3610735777413.629
2552, 3617574292143.580
2553, 3624412806873.530
2554, 3631251321603.480
2555, 3638089836333.430
2556, 3644928351063.380
2557, 3651766865793.331
2558, 3658605380523.281
2559, 3665443895253.231
2560, 3672282409983.181
2561, 3679120924713.131
2562, 3685959439443.082
2563, 3692797954173.032
2564, 3699636468902.982
2565, 3706474983632.932
2566, 3713313498362.882
2567, 3720152013092.833
2568, 3726990527822.783
2569, 3733829042552.733
2570, 3740667557282.683
2571, 3747506072012.633
2572, 3754344586742.583
2573, 3761183101472.534
2574, 3768021616202.484
2575, 3774860130932.434
2576, 3781698645662.384
2577, 3788537160392.334
2578, 3795375675122.285
2579, 3802214189852.235
2580, 3809052704582.185
2581, 3815891219312.135
2582, 3822729734042.085
2583, 3829568248772.036
2584, 3836406763501.986
2585, 3843245278231.936
2586, 3850083792961.886
2587, 3856922307691.836
2588, 3863760822421.787
2589, 3870599337151.737
2590, 3877437851881.687
2591, 3884276366611.637
2592, 3891114881341.587
2593, 3897953396071.538
2594, 3904791910801.488
2595, 3911630425531.438
2596, 3918468940261.388
2597, 3925307454991.338
2598, 3932145969721.289
2599, 3938984484451.239
2600, 3945822999181.189
2601, 3952661513911.139
2602, 3959500028641.089
2603, 3966338543371.040
2604, 3973177058100.990
2605, 3980015572830.940
2606, 3986854087560.890
2607, 3993692602290.840
2608, 4000531117020.791
2609, 4007369631750.741
2610, 4014208146480.691
2611, 4021046661210.641
2612, 4027885175940.591
2613, 4034723690670.542
2614, 4041562205400.492
2615, 4048400720130.442
2616, 4055239234860.392
2617, 4062077749590.342
2618, 4068916264320.292
2619, 4075754779050.243
2620, 4082593293780.193
2621, 4089431808510.143
2622, 4096270323240.093
2623, 4103108837970.043
2624, 4109947352699.994
2625, 4116785867429.944
2626, 4123624382159.894
2627, 4130462896889.844
2628, 4137301411619.794
2629, 4144139926349.745
2630, 4150978441079.695
2631, 4157816955809.645
2632, 4164655470539.595
2633, 4171493985269.545
2634, 4178332499999.496
2635, 4185171014729.446
2636, 4192009529459.396
2637, 4198848044189.346
2638, 4205686558919.296
2639, 4212525073649.247
2640, 4219363588379.197
2641, 4226202103109.147
2642, 4233040617839.097
2643, 4239879132569.047
2644, 4246717647298.998
2645, 4253556162028.948
2646, 4260394676758.898
2647, 4267233191488.848
2648, 4274071706218.798
2649, 4280910220948.749
2650, 4287748735678.699
2651, 4294587250408.649
2652, 4301425765138.599
2653, 4308264279868.549
2654, 4315102794598.500
2655, 4321941309328.450
2656, 4328779824058.400
2657, 4335618338788.350
2658, 4342456853518.300
2659, 4349295368248.250
2660, 4356133882978.201
2661, 4362972397708.151
2662, 4369810912438.101
2663, 4376649427168.051
2664, 4383487941898.001
2665, 4390326456627.952
2666, 4397164971357.902
2667, 4404003486087.852
2668, 4410842000817.802
2669, 4417680515547.752
2670, 4424519030277.702
2671, 4431357545007.652
2672, 4438196059737.603
2673, 4445034574467.553
2674, 4451873089197.503
2675, 4458711603927.453
2676, 4465550118657.403
2677, 4472388633387.354
2678, 4479227148117.304
2679, 4486065662847.254
2680, 4492904177577.204
2681, 4499742692307.154
2682, 4506581207037.104
2683, 4513419721767.055
2684, 4520258236497.005
2685, 4527096751226.955
2686, 4533935265956.905
2687, 4540773780686.855
2688, 4547612295416.806
2689, 4554450810146.756
2690, 4561289324876.706
2691, 4568127839606.656
2692, 4574966354336.606
2693, 4581804869066.557
2694, 4588643383796.507
2695, 4595481898526.457
2696, 4602320413256.407
2697, 4609158927986.357
2698, 4615997442716.308
2699, 4622835957446.258
2700, 4629674472176.208
2701, 4636512986906.158
2702, 4643351501636.108
2703, 4650190016366.059
2704, 4657028531096.009
2705, 4663867045825.959
2706, 4670705560555.909
2707, 4677544075285.859
2708, 4684382590015.810
2709, 4691221104745.760
2710, 4698059619475.710
2711, 4704898134205.660
2712, 4711736648935.610
2713, 4718575163665.561
2714, 4725413678395.511
2715, 4732252193125.461
2716, 4739090707855.411
2717, 4745929222585.361
2718, 4752767737315.312
2719, 4759606252045.262
2720, 4766444766775.212
2721, 4773283281505.162
2722, 4780121796235.112
2723, 4786960310965.062
2724, 4793798825695.013
2725, 4800637340424.963
2726, 4807475855154.913
2727, 4814314369884.863
2728, 4821152884614.813
2729, 4827991399344.764
2730, 4834829914074.714
2731, 4841668428804.664
2732, 4848506943534.614
2733, 4855345458264.564
2734, 4862183972994.515
2735, 4869022487724.465
2736, 4875861002454.415
2737, 4882699517184.365
2738, 4889538031914.315
2739, 4896376546644.266
2740, 4903215061374.216
2741, 4910053576104.166
2742, 4916892090834.116
2743, 4923730605564.066
2744, 4930569120294.017
2745, 4937407635023.967
2746, 4944246149753.917
2747, 4951084664483.867
2748, 4957923179213.817
2749, 4964761693943.768
2750, 4971600208673.718
2751, 4978438723403.668
2752, 4985277238133.618
2753, 4992115752863.568
2754, 4998954267593.519
2755, 5005792782323.469
2756, 5012631297053.419
2757, 5019469811783.369
2758, 5026308326513.319
2759, 5033146841243.270
2760, 5039985355973.220
2761, 5046823870703.170
2762, 5053662385433.120
2763, 5060500900163.070
2764, 5067339414893.021
2765, 5074177929622.971
2766, 5081016444352.921
2767, 5087854959082.871
2768, 5094693473812.821
2769, 5101531988542.771
2770, 5108370503272.722
2771, 5115209018002.672
2772, 5122047532732.622
2773, 5128886047462.572
2774, 5135724562192.522
2775, 5142563076922.473
2776, 5149401591652.423
2777, 5156240106382.373
2778, 5163078621112.323
2779, 5169917135842.273
2780, 5176755650572.224
2781, 5183594165302.174
2782, 5190432680032.124
2783, 5197271194762.074
2784, 5204109709492.024
2785, 5210948224221.975
2786, 5217786738951.925
2787, 5224625253681.875
2788, 5231463768411.825
2789, 5238302283141.775
2790, 5245140797871.726
2791, 5251979312601.676
2792, 5258817827331.626
2793, 5265656342061.576
2794, 5272494856791.526
2795, 5279333371521.477
2796, 5286171886251.427
2797, 5293010400981.377
2798, 5299848915711.327
2799, 5306687430441.277
2800, 5313525945171.228
2801, 5320364459901.178
2802, 5327202974631.128
2803, 5334041489361.078
2804, 5340880004091.028
2805, 5347718518820.979
2806, 5354557033550.929
2807, 5361395548280.879
2808, 5368234063010.829
2809, 5375072577740.779
2810, 5381911092470.729
2811, 5388749607200.680
2812, 5395588121930.630
2813, 5402426636660.580
2814, 5409265151390.530
2815, 5416103666120.480
2816, 5422942180850.431
2817, 5429780695580.381
2818, 5436619210310.331
2819, 5443457725040.281
2820, 5450296239770.231
2821, 5457134754500.182
2822, 5463973269230.132
2823, 5470811783960.082
2824, 5477650298690.032
2825, 5484488813419.982
2826, 5491327328149.933
2827, 5498165842879.883
2828, 5505004357609.833
2829, 5511842872339.783
2830, 5518681387069.733
2831, 5525519901799.684
2832, 5532358416529.634
2833, 5539196931259.584
2834, 5546035445989.534
2835, 5552873960719.484
2836, 5559712475449.435
2837, 5566550990179.385
2838, 5573389504909.335
2839, 5580228019639.285
2840, 5587066534369.235
2841, 5593905049099.186
2842, 5600743563829.136
2843, 5607582078559.086
2844, 5614420593289.036
2845, 5621259108018.986
2846, 5628097622748.937
2847, 5634936137478.887
2848, 5641774652208.837
2849, 5648613166938.787
2850, 5655451681668.737
2851, 5662290196398.688
2852, 5669128711128.638
2853, 5675967225858.588
2854, 5682805740588.538
2855, 5689644255318.488
2856, 5696482770048.438
2857, 5703321284778.389
2858, 5710159799508.339
2859, 5716998314238.289
2860, 5723836828968.239
2861, 5730675343698.189
2862, 5737513858428.140
2863, 5744352373158.090
2864, 5751190887888.040
2865, 5758029402617.990
2866, 5764867917347.940
2867, 5771706432077.891
2868, 5778544946807.841
2869, 5785383461537.791
2870, 5792221976267.741
2871, 5799060490997.691
2872, 5805899005727.642
2873, 5812737520457.592
2874, 5819576035187.542
2875, 5826414549917.492
2876, 5833253064647.442
2877, 5840091579377.393
2878, 5846930094107.343
2879, 5853768608837.293
2880, 5860607123567.243
2881, 5867445638297.193
2882, 5874284153027.144
2883, 5881122667757.094
2884, 5887961182487.044
2885, 5894799697216.994
2886, 5901638211946.944
2887, 5908476726676.895
2888, 5915315241406.845
2889, 5922153756136.795
2890, 5928992270866.745
2891, 5935830785596.695
2892, 5942669300326.646
2893, 5949507815056.596
2894, 5956346329786.546
2895, 5963184844516.496
2896, 5970023359246.446
2897, 5976861873976.396
2898, 5983700388706.347
2899, 5990538903436.297
2900, 5997377418166.247
2901, 6004215932896.197
2902, 6011054447626.147
2903, 6017892962356.098
2904, 6024731477086.048
2905, 6031569991815.998
2906, 6038408506545.948
2907, 6045247021275.898
2908, 6052085536005.849
2909, 6058924050735.799
2910, 6065762565465.749
2911, 6072601080195.699
2912, 6079439594925.649
2913, 6086278109655.600
2914, 6093116624385.550
2915, 6099955139115.500
2916, 6106793653845.450
2917, 6113632168575.400
2918, 6120470683305.351
2919, 6127309198035.301
2920, 6134147712765.251
2921, 6140986227495.201
2922, 6147824742225.151
2923, 6154663256955.102
2924, 6161501771685.052
2925, 6168340286415.002
2926, 6175178801144.952
2927, 6182017315874.902
2928, 6188855830604.853
2929, 6195694345334.803
2930, 6202532860064.753
2931, 6209371374794.703
2932, 6216209889524.653
2933, 6223048404254.604
2934, 6229886918984.554
2935, 6236725433714.504
2936, 6243563948444.454
2937, 6250402463174.404
2938, 6257240977904.354
2939, 6264079492634.305
2940, 6270918007364.255
2941, 6277756522094.205
2942, 6284595036824.155
2943, 6291433551554.105
2944, 6298272066284.056
2945, 6305110581014.006
2946, 6311949095743.956
2947, 6318787610473.906
2948, 6325626125203.856
2949, 6332464639933.807
2950, 6339303154663.757
2951, 6346141669393.707
2952, 6352980184123.657
2953, 6359818698853.607
2954, 6366657213583.558
2955, 6373495728313.508
2956, 6380334243043.458
2957, 6387172757773.408
2958, 6394011272503.358
2959, 6400849787233.309
2960, 6407688301963.259
2961, 6414526816693.209
2962, 6421365331423.159
2963, 6428203846153.109
2964, 6435042360883.060
2965, 6441880875613.010
2966, 6448719390342.960
2967, 6455557905072.910
2968, 6462396419802.860
2969, 6469234934532.811
2970, 6476073449262.761
2971, 6482911963992.711
2972, 6489750478722.661
2973, 6496588993452.611
2974, 6503427508182.562
2975, 6510266022912.512
2976, 6517104537642.462
2977, 6523943052372.412
2978, 6530781567102.362
2979, 6537620081832.312
2980, 6544458596562.263
2981, 6551297111292.213
2982, 6558135626022.163
2983, 6564974140752.113
2984, 6571812655482.063
2985, 6578651170212.014
2986, 6585489684941.964
2987, 6592328199671.914
2988, 6599166714401.864
2989, 6606005229131.814
2990, 6612843743861.765
2991, 6619682258591.715
2992, 6626520773321.665
2993, 6633359288051.615
2994, 6640197802781.565
2995, 6647036317511.516
2996, 6653874832241.466
2997, 6660713346971.416
2998, 6667551861701.366
2999, 6674390376431.316
3000, 6681228891161.267
3001, 6688067405891.217
3002, 6694905920621.167
3003, 6701744435351.117
3004, 6708582950081.067
3005, 6715421464811.018
3006, 6722259979540.968
3007, 6729098494270.918
3008, 6735937009000.868
3009, 6742775523730.818
3010, 6749614038460.769
3011, 6756452553190.719
3012, 6763291067920.669
3013, 6770129582650.619
3014, 6776968097380.569
3015, 6783806612110.520
3016, 6790645126840.470
3017, 6797483641570.420
3018, 6804322156300.370
3019, 6811160671030.320
3020, 6817999185760.271
3021, 6824837700490.221
3022, 6831676215220.171
3023, 6838514729950.121
3024, 6845353244680.071
